topic,title,text,probability
1,Rakennetaan Laajasuon urheilupuiston yhteyteen pukeutumis- ja WC-tilat,"Laajasuon urheilupuisto on suosittu niin paikallisesti kuin laajemmin. Urheilupuiston palveluita käyttävät urheiluseurat ja muut ryhmät sekä yksittäiset ihmiset. Itse urheilupuisto kaipaa jo sellaisenaan pikaista kunnostusta.Suuresta käyttäjäasteesta huolimatta Laajasuon urheilupuisto on ollut kaikki nämä vuodet vailla pukeutumis- WC-tiloja. Näin, vaikka monella muulla vastaavalla urheilupuistolla on tarjota tällaiset palvelut. Urheilupuistoa käytetään myös syys- ja talvikausina, minkä vuoksi on tärkeää tarjota lämmin tila, jossa voi vaihtaa vaatteet. Kentän laidalla on ollut bajamaja, jonka kunto on vaihdellut. Bajamajan sijaan on järkevämpää tarjota kentän käyttäjille toiminnaltaan varmemmat ja hygieenisemmät WC-tilat. Myös läheisen Rhodo-puiston kävijät voisivat käyttää tiloja.Urheilupuiston palveluiden parantamista esittävät seuraavat tahot: Pohjois- Haaga Seura ry, Pohjois- Haagan yhteiskoulu ja FC POHU – Pohjois-Haagan Urheilijat ry.",0.9869677424430847
1,Rakennetaan Laajasuon urheilupuiston yhteyteen pukeutumis- ja WC-tilat,"Perustelut: Laajasuon urheilupuisto on suosittu niin paikallisesti kuin laajemmin. Urheilupuiston palveluita käyttävät urheiluseurat ja muut ryhmät sekä yksittäiset ihmiset. Itse urheilupuisto kaipaa jo sellaisenaan pikaista kunnostusta.Suuresta käyttäjäasteesta huolimatta Laajasuon urheilupuisto on ollut kaikki nämä vuodet vailla pukeutumis- WC-tiloja. Näin, vaikka monella muulla vastaavalla urheilupuistolla on tarjota tällaiset palvelut. Urheilupuistoa käytetään myös syys- ja talvikausina, minkä vuoksi on tärkeää tarjota lämmin tila, jossa voi vaihtaa vaatteet. Kentän laidalla on ollut bajamaja, jonka kunto on vaihdellut. Bajamajan sijaan on järkevämpää tarjota kentän käyttäjille toiminnaltaan varmemmat ja hygieenisemmät WC-tilat.Urheilupuiston palveluiden parantamista esittävät seuraavat tahot: Pohjois- Haaga Seura ry, Pohjois- Haagan yhteiskoulu ja FC POHU – Pohjois-Haagan Urheilijat ry. ",0.9861255884170532
1,Skattan liikunta- ja leikkipaikat kuntoon,"Skattan kärjen hoitamattoman nurmikentän kunnostaminen pelikäyttöön. Leikkipaikat ajanmukaisiksi. Kuntoiluvälineitä kaiken ikäisille.SijaintiLaivastopuisto/Pallokenttä ja Laivastopuisto/LeikkipaikkaEhdotusLaivastopuiston pallokenttä tekonurmikentäksi. Leikkipaikkojen välineet uusittava. Kuntoiluvälineitä myös Skattalle.PerustelutPallokenttä on saatava jälleen peli- ja harjoituskäyttöön SAPAn katajanokkalaisille ja kruununhakalaisille jalkapallojunioreille sekä myös muille harrastajille. Kaupungin liikuntapalvelu vastaisi kentän varausjärjestelmästä.Laivastopuiston leikkipaikka on usean päiväkodin sekä alueen lasten ahkerassa käytössä, mutta se ei vastaa nykyisiä turvallisuusvaatimuksia ja leikkivälineet ovat surkeita, samoin Tove Janssonin puiston leikkipaikalla.Katajanokan kärkeä kiertävä reitti on ulkoilijoiden ja turistien suuressa suosiossa. Kuntoiluvälineet innostaisivat kaiken ikäisiä ulkoiluun ja kunnon ylläpitämiseen.Yhteisöllisyys lisääntyy liikun avulla.",0.9846292734146118
1,Villa Novillan kunnostaminen kaupunkilaisille avoimeksi käsityökeskukseksi,"Vallilanlaaksossa sijaitseva, 1888 rakennettu ja kulttuurihistoriallisesti merkittävä Villa Novilla on ollut tyhjillään vuodesta 2017 saakka. Kaupungin omistama talo on surullinen näky levytettyine ikkunoineen. Rakenteiltaan terve hirsitalo on käyttämättömänä vaarassa rappeutua korjauskelvottomaksi. Puuttuvan vesijohdon ja viemäröinnin kustannukset eivät nouse kohtuuttomiksi, sillä viemärikaivo ja vesiposti ovat lähellä. Kaavassa merkityksi puistoa palvelevaksi rakennukseksi Villa Novilla ei sovellu, mutta asukkaita palvelevaksi käsityö- ja kulttuurikeskukseksi se on erinomainen. Innostus käsillä tekemiseen on kasvanut koko ajan. Räsymaton kutominen tai vanhan huonekalun kunnostaminen on rentouttava harrastus ja samalla osa kiertotaloutta. Villa Novillaan mahtuvat useammatkin kangaspuut ja puutöille voi varata oman kerroksen. Asiantuntevaa apua keskuksessa olisi myös tarjolla, sillä ehdottajien, Kumpula-seuran aktiivien yhteistyökumppaneina ovat Etelä-Suomen Taito ry ja Paavalin srk.",0.982776939868927
1,Myllypuron leikkipaikka Kirkkopuiston kunnostus,"Myllypuron kirkkoa vastapäätä sijaitseva leikkipaikka Kirkkopuisto on monelle asukkaalle ja perheelle tärkeä ajanvietto- ja läpikulkupaikka. Puisto on avara, kaunis ja hyvällä paikalla, mutta lasten leikkivälineet ja aktiviteetit vaatisivat ehdottomasti päivittämistä. Kiipeilyteline alkaa olla huonossa kunnossa eikä keinuja riitä kaikille halukkaille. Perheiden lisäksi myös moni alueen päiväkoti hyödyntää puistoa retkillään, joten olisi tärkeää saada lisää uusia ja nykyaikaisia leikkivälineitä. ",0.979516327381134
1,Pöytä- ja penkkiryhmiä Koillis-Helsingin puistoihin,"Koillis-Helsingin puistoihin toivotaan vehreyden lisäksi penkkejä ja pöytiä. Levähdyspaikkoja on puistoissa vähän, ja pöytäpenkki-yhdistelmiä on lähinnä leikkipuistoissa eikä yleisissä puistoissa.Ehdotamme, että Koillis-Helsingin puistoihin lisätään pöytä- ja penkkiryhmiä etenkin Malmin, Tapulikaupungin ja Tapanilan puistoihin. Lisäksi on tärkeä huomioida, että pöytien ja penkkien yhteyteen on sijoitettu roskis, koska niiden käytön myötä usein mukana tuodaan jotain, josta syntyy roskaa. ",0.9773717522621155
1,Ulkokuntosali Itä-Pasilan puistoon / Vallilanlaakson ankkapuistoon,"Ehdotan ulkokuntosalin rakentamista Itä-Pasilan puiston tai Vallilanlaakson ankkapuiston alueelle. Kunnolliselle ulkokuntosalille olisi tarvetta ja se kannustaisi alueen asukkaita liikuntaan. Sähköttäjän puistossa on koirapuiston vieressä pieni alue, jossa on joitain telineitä, mutta ne tuntuvat enemmän koristeilta, eivätkö ole ns. tavallisia kuntosalilaitteita, joilla voisi tehdä kunnollisen treenin. Itä-Pasilan puistossa tai Vallilanlaakson ankkapuistossa on hyvät nurmialueet, joista voisi hyvin lohkaista pienen alueen kuntosalia varten.",0.9773548245429993
1,Penkki- ja pöytäryhmiä Pohjois-Helsingin puistoihin,"Pohjois-Helsingin puistoihin on pitkään toivottu penkki- ja pöytäryhmiä. Etenkin Torpparinmäen, Oulunkylän ja Itä-Pakilan alueilla levähdyspaikkoja ja pöytiä on puistoissa vähän, ja pöytäpenkki-yhdistelmiä on lähinnä leikkipuistoissa eikä niinkään yleisissä puistoissa. Pohjois-Helsingin puistoihin tulisi lisätä penkki- ja pöytäryhmiä, etenkin Vantaanjoen etelärantaan. Lisäksi on tärkeä huolehtia, että penkkien ja pöytien yhteyteen on sijoitettu roskis.",0.9754533767700195
1,Skeittipaikka Kaisaniemen puistoon,"Toteutetaan skeittipaikka Kaisaniemen puistoon.Skeittaus, skuuttaus ja temppupyöräily ovat edullisia harrastuksia, ja Kaisaniemen puisto on sijaintinsa puolesta helposti kaupunkilaisten saavutettavissa. Lisäksi Vironniemen alueella on hyvin rajoitetusti lasten liikuntapaikkoja, skeitti-, skuutti- ja temppupyöräilypaikoista puhumattakaan. Toisaalta Kaisaniemen puisto nykyisellään kaipaa kohennusta ja alueen valjastamista mielekkääseen tekemiseen.Idean kuva on Urheilupuiston skeittipaikasta, Kouvolasta. Ks: https://www.kouvola.fi/vapaa-aika/liikunta/liikuntapaikat/ulkoliikunta/skeittipaikat/",0.9754292368888855
1,Leikkipaikka Länsi-Pakilaan,"Länsi-Pakilassa Lähdepolulla ollut ränsistynyt leikkipaikka purettiin tänä vuonna ja nyt tontti on tyhjillään. Ehdotan, että tilalle rakennetaan uusi leikkipaikka.Mallia toiminnoista voisi ottaa vaikka juuri uudistetusta leikkipuisto Tervapääskystä, joka on toiminnoiltaan monipuolinen ja eri ikäisille sopiva. Alustan materiaalina käytetty  mm. kumiturvaa ja turvahaketta. Tontin korkeuseroja voisi hyödyntää mm. tekemällä vaijeriliukuja. Myös skuuttirata/pumptrack voisi olla vaihtoehtoja.",0.9731078147888184
2,Grillikatoksia merelliseen Laajasaloon asukkaiden käyttöön,"Laajasalon FB-ryhmissä jatkuvasti kysellään grillipaikkojen perään ja niitä toivotaan saarellemme. Edellisessä osbu-äänestyksessä suunnitelma ei kuitenkaan saanut tarpeeksi ääniä jotta se olisi päässyt toteutettavien joukkoon - on aika yrittää uudelleen.Laajasalossa on mahtavat ulkoilualueet ja todella upea luonto meren ympäröimänä, mutta ei yhtään yleistä grillauspaikkaa. Saaren väkiluku on noussut ja nousee huimaa tahtia, ja kysyntä grillauspaikoille kasvaa koko ajan. Nyt tulevina vuosina saaremme tulee olemaan laajaa työmaata kun uusia raitiovaunulinjoja,  varikkoa ja bulevardia aletaan tekemään -  luonnon äärellä olemisen tärkeys vain korostuu. Ehdotan, että saarellemme hankitaan joitakin grillikatoksia & pöytä-tuoli ryhmineen asukkaiden käyttöön. Esim. Tullisaari, Hevossalmi, Yliskylä, Jollas alueille.",0.9856669306755066
2,Kruunuvuorenselän rengaslinja ,"Testataan Kruunuvuorenselän kaksisuuntaista rengaslinjaa yhden kesäkauden kokeilulla. Muokataan Suomenlin lautan reittiä sekä Kruunuvuorenran ja Pohjoisran välille suunniteltua uutta väliaikaista reittiä kahden eri suuntiin samaan aikaan kulkevan lautan rengasreitiksi Kauppatori – Suomenlinna – Vallisaari - Vasikkasaari – Kruunuvuorenranta – Pohjoisranta/Kauppatori ja päinvastoin. Näin toteutettuna Suomenlin lautan palvelutaso säilyy edelleen nykyisen kaltaisena tarjoten suoran yhteyden Suomenlin ja keskustan välillä molempiin suuntiin, mutta bonuksena mahdollisuuden jatkaa samalla lautalla myös Vallisaareen ja/tai Vasikkasaareen.  Samoin vastakkaiseen suuntaan kulkeva lautta tarjoaisi suoran Keskusta-Kruunuvuorenranta yhteyden lisäksi yhteyden Kruunuvuorenrannasta Vasikkasaareen, Vallisaareen ja Suomenlinnaan ilman, että asukkaat joutuvat matkustamaan näihin saariin keskustan kautta.  Lon voi niin haluttaessa lisätä reittiin mukaan.",0.9850952625274658
2,Uimapaikka tai uimalaituri Kalasatamaan,"Kalasatamassa on helppo ihailla merta, mutta itse veteen pääsy (ja etenkin vedestä pois pääseminen) on korkeiden rantapenkereiden vuoksi vaikeaa. Ehdotankin, että Kalasatamaan rakennetaan pieni uimapaikka tai ainakin uimalaituri, jotta asukkaat pääsevät nauttimaan merestä. Tällä hetkellä osa käy meressä uimassa, mutta sieltä pois nouseminen hankalia tikkaita pitkin on vaivalloista.Edellisessä OmaStadi-äänestyksessä ehdotettu uimalaituri torpattiin kommentilla: ""Isoisänsillan läheisyyteen on suunniteltu laituri, joka toteutetaan katujen valmistuttua"". Nyt kadut ovat valmistuneet, mutta laituri puuttuu edelleen. Kivenheiton päähän Isoisänsillasta on valmistumassa Portus-taloyhtiön upea laiturikokonaisuus, joten en näe perustetta, miksei samaan rantaviivaan voitaisi rakentaa kaikkia asukkaita palvelevaa uimalaituria.",0.9849054217338562
2,Sähköpiste Vanhankaupunginkosken ruokarekoille,"Ruokarekat ovat ottaneet Vanhankaupunginkosken omakseen. Jokisuuntien päähän, koirapuiston viereen pysäköivät ruokarekat tarjoavat ruokaa ja virvokkeita lukuisille alueen asukkaille ja ulkoilijoille.Paikassa ei kuitenkaan ole mahdollisuutta kytkeä ruokarekkoja sähköverkkoon, jolloin ne joutuvat hyödyntämään äänekkäitä aggregaatteja. Nämä generaattorit tuottavat valtavasti melua häiriten alueen asukkaita, kalastajia ja ohikulkijoita. Melu ei sovi Vanhankaupunginkosken suvannon rauhalliseen miljööseen lainkaan.Rakennetaan siis kunnollinen sähköpiste, johon voi kytkeä useita ruokarekkoja.Samalla ruokarekkojen pysäköintiä on hyvä hieman tarkistaa ja ehkä rakenteellisesti myös ohjata siten, että asiakasjonot eivät tukkisi keskeistä ulkoilureittiä.KUVA: Aris Gionis / Flickr CC",0.9808737635612488
2,Laajasalon rantareitti kävelijöille koko Hämeenapajan varrella,"Laajasalon rantareitti tulisi raivata ja  kunnostaa kaupunkilaisten käyttöön ainakin Hepokalliontien rantakallioille asti.Suosittu rantareitti kulkee Sarvaston venevalkamasta Mesaanipolun kautta Hämeenapajan rantaan Puhuritielle. Siitä eteenpäinkin reitti jatkuu, mutta  nykyisin vain kartalla  ja asemakaavassa.  Vuosikymmeniä sitten reitti oli avoin, kuten vanhoista kartoista ilmenee.  Nyt Hämeenapajan itäreunalla ranta-alue on kaislikoitunut, ja Hepokalliontien  länsireunalla sijaitsevat kiinteistöt ovat vallanneet rantareitin alueen Puhuritieltä pohjoiseen. Alueen pientalojen tonttiraja ei  kuitenkaan ulotu rantaan saakka.",0.9773529767990112
2,Rantasauna ja turvallinen uimapaikka Sompasaareen,"Ehdotan, että Sompasaareen rakennettaisiin paremmat puitteet uimiselle ja saunomiselle. Kalasatamalaiset ovat sekä talvisin että kesäisin ahkeria uimareita, mutta Kalasatamassa on vain lyhyitä metallisia pelastustikkaita, joita pitkin pääsee uimaan. Nämä ovat vaarallisia, eikä niitä pitkin pääse turvallisesti vedestä ylös. Myöskin avantoreiät ovat itse tehtyjä, pieniä ja vaarallisia.Ehdotan, että Sompasaareen rakennetaan pieni julkinen sauna ja uimapaikka, josta pääsee turvallisesti ylös.",0.9761432409286499
2,Uimahalli alueelle ,"Kaakkoisella alueella ei ole uimahallia. Laajasaloon, Kruunuvuorenrantaan ja Herttoniemeen rakennetaan jatkuvasti uusia asuntoja, joten myös väkiluku kasvaa räjähdysmäisesti tulevina vuosina. Lähimmät uimahallit ovat jo nyt tupaten täynnä. Lyhyempi matka uimahalliin myös kannustaisi ihmisiä liikkumaan enemmän. Uimahallin rakentaminen voisi tuoda säästöjä terveyden edistämisen näkökulmasta tarkasteltuna. Lisäksi se lisäisi viihtyvyyttä ja hyvinvointia kaikenikäisille. ",0.975411593914032
2,Hiihtoladut,"Ehdotan, että hiihtoladut Arabianrannasta Viikkiin ja Herttoniemeen sekä Laaksosta Maunulan ja Pirkkolan kautta Paloheinään siirtyisivät huoltoluokituksessa samaan aikaan tehtäviksi kuin muutkin ladut. Usein, vaikka lunta olisi, yhdyslatuja Laaksosta ja Arabianrannasta saa odottaa useita päiviä tai jopa viikkoja, vaikka Herttoniemessä ja syvemmällä Keskuspuistossa latuja ylläpidetään moitteettomasti. Helsingin talvi on lyhyt ja hiihtäjiä löytyy, kun vain on lähilatuja!",0.9746576547622681
2,Matka maapallon syvimpään baariin!,"Helsingissä on paikoin jopa loistavaa kallioperää. Suosituimpia turistikohteita on Temppeliaukion kirkko,  jota tullaan ihailemaan maailmanlaajuisesti. Keskelle kaupunkia sijoitetaan hissikuilu,  jolla pääsee noin kilometrin syvyyteen, jonne tehdään baari, jonka kalusteet tehdään paikkalla olevasta kiviaineesta timanttisahalla leikkaamalla ja kiilloittamalla. Luonnollisesti hisseille on jonoa, mutta ei vie maanpäällistä tonttialaa ja hissin lähtöpaikankin voi sijoittaa kävelykadulle tai metroasemalle. Baarista saa kotimaisia juomia!",0.969293475151062
2,Vesipisteitä ja vessoja Keskuspuistoon,"Ehdotan, että Keskuspuistoon rakennettaisiin sopivin välimatkoin kaksi-kolme samanlaista Helsinki-huussia kuin Lammassaaren polkuverkoston edustalla on. Tämä vähentäisi Keskuspuistosta roskaa ja tekisi ulkoilusta sujuvampaa. Ehdotan myös, että Paloheinän majalle tulisi ulos juomavesipiste, sellainen kuin Pirkkolassa, että vesipullon voisi täydentää myös majan ollessa kiinni. Ehdotan, että vesipisteistä ja vessoista, koskien Helsingin kaikkia ulkoilualueita, olisi kartta Helsingin nettisivuilla.",0.9692700505256653
3,Jätkäsaaren kirjastosta uuden ajan asukaskeskus,"Uusi keskustakirjasto Oodi on näyttänyt tulevaisuuden kirjaston mahdollisuudet monipuolisena kansalaisten palvelukeskuksena. Jätkäsaaren kirjasto, entinen Ruoholahden koulun lastenkirjasto, toimii nyt riittämättömissä tiloissa. Infokeskuksen tilat eivät enää riitä asukastilaisuuksiin, vaikka saaressa asuu vasta alle puolet tulevasta väestöstä. Jätkäsaaresta puhutaan yhteisöllisenä kaupunginosana, mutta siltä puuttuu oma pysyvä asukastila asukastoimin tukikohdaksi.Jätkäsaari-seura ehdottaa, että Jätkäsaaren kirjaston yhteyteen kehitetään monipuolinen uuden ajan asukaskeskus, joka vastaa myös yllä mainittuihin tarpeisiin kaupunginosatasolla. Kirjaston yhteyteen voidaan keskittää myös muita vastaavia toimintoja, kuten lainausta, harrastustiloja jne. Ehdotus edellyttäisi kirjaston yhteyteen lisää tiloja ja henkilöstöä keskuksen toimin mahdollistamiseksi. Tilojen suhteen Jätkäsaaressa on lukuisia mahdollisuuksia nykyisten sekä tulevien vapautuvien ja rakennettavien tilojen osalta.",0.9885290265083313
3,Suomen Street Workout yhdistyksen liikuntapaikkaehdotus,"Kehonpainoharjoittelu on yhteisöllinen liikkumisenmuoto. Se ehkäisee syrjäytymistä tarjoamalla yhteisön jossa kaikkia kannustetaan ylittämään itseään. Hyvin sijoitetut liikuntapaikat ympäri kaupunkia sopivat hyvin ympäristöön ja tarjoavat asukkaille mahdollisuuden kuntoilla arjen lomassa.Suomen Street Workout ryn hallitus haluaa tuoda oman osaamisensa mukaan keskisen Helsingin liikuntapaikkasuunnittelussa. Hallituksen jäsenet ovat tutkineet kehonpainoharjoittelun kulttuuria sekä toimineet sen parissa vuodesta 2014 lähtien. Ehdotuksemme on rakentaa useita liikuntapisteitä alueelle, niin että ne tulevat osaksi arkea ja keskeisille kulkureiteille kuten Hakaniemen torin laidalle. SSW ryllä on valmiina myös luonnokset liikuntapaikkojen rakenteesta.Yhdistyksen liikuntapaikkalistausehdotus oheisessa kartassa:http://bit.ly/2B2r5v9Yhdistys tarjoaa omasta puolestaan opastusta laitteiden käyttöön kesäkauden ajaksi, jolloin kuka vain voi aloittaa lajin riippumatta lähtökohdista.",0.9881846904754639
3,Moninaisia ja saavutettavia liikuntaryhmiä kaupungin eri alueille,"Liikuntapalvelut tarjoavat nykyisin monipuolisia liikuntaryhmiä, mutta useissa ryhmissä ei olla huomioitu erilaisten liikkujien tarpeita. Näennäisesti avoimet ryhmät sulkevat helposti ulkopuolelle ikääntyviä liikkujia, joilla on erilaisia tarpeita liikun järjestämisessä (esim. naisten ryhmät, ohjaus selkosuomella, tunnit ilman taustamusiikkia, mahdollisuus rukoushetkeen, helppo ilmoittautuminen). Osallistujien toimintakyky tulee huomioida liikun järjestämisessä. Somalinkielisten ikääntyvien naisten ryhmän ehdotus on, että kun tulisi järjestää kaupungin eri alueille tämänkaltaisia naisille suunnattuja liikuntapalveluja.Visio vuodelle 2025:  Kuntalaiset liikkuvat terveytensä kannalta riittävästi ja saavat siitä iloa, elämyksiä sekä toiminta- ja työkykyä. Kuntien liikuntapalvelut ovat kohtuuhintaisia ja helposti saavutettavissa kaikenlaisille liikkujille. Ennaltaehkäisevänä toimenpiteenä terveyttä ja hyvinvointia edistävä liikunta on koko kun yhteinen asia.",0.9871611595153809
3,Kaupunkipyörien asemillesiirtelyn yms talkoistaminen kolmen järjestäjäporukan mallilla,"Kaupunkipyörien siirtäminen polkemalla ylitäysiltä palautusasemilta tyhjeneville on esimerkki hommasta jonka kuka tahansa kaupunkilainen voisi hoitaa, jos joku järjestäisi talkoot tai tekisi tehtävien joukkoistamisapplikaation: Pitäisi olla tahoja joilla olisi tekijöitä ja resursseja, mahdollisuus ja osaaminen sopia asioista kaupungin kanssa jne. Joukkoistamishommista pitäisi olla palkkio saatavana, tai mahdollisuus kerätä palkkioita lahjoitettavaksi hyvään tarkoitukseen, tai vain osallistua työllään yhteiseen hyvään. Jotta talkoistuksenjärjestys siirtyisi kestävälle ja vakaalle pohjalle, kaupungin pitäisi tehdä toimin mittarit määrittävä sopimus kolmen talkoonjärjestäjäorganisaation kanssa. Vuosittan yhteismitallisesti parhaiten pärjännyt järjestäjäorganisaatio pitäisi palkita ja huonoimman sopimus panna uuteen kilpailuun, vuoden siirtymä- ja koeajalla. Talkoonjärjestäjäorganisaatiot hoitaisivat yksityisten ja yhteisöjen tehtävänjaon järjestelyt ja motivoinnin harkintansa mukaan.",0.9831455945968628
3,KESTÄVÄN KEHITYKSEN PORTAALI JA TYÖKALUJA ASUKKAILLE ,"Ehdotan, että Helsinkiin perustetaan Kestävät kaupunginosat -portaali.  Portaali on kaikille avoin foorumi, jonka avulla voidaan käynnistää asukkaiden, yritysten, virkamiesten, asiantuntijoiden ja poliittisten päättäjien välinen yhteistyö mm. ilmastonmuutoksen tavoitteiden saavuttamiseksi. Portaali mahdollistaa reaaliaikaisen keskustelun, tietoarkiston synnyttämisen sekä jo toteutettujen pilottihankkeiden esittelyn. Portaali sisältää mittareita, joiden avulla voimme tunnistaa lähtötilanteen sekä seurata kehityksen kulkua. Paljonko ja millä välineillä me liikumme, mitä energialähteitä käytämme, kuinka paljon kulutamme vettä ja lämmitysenergiaa, paljonko lajiteltua jätettä tuotamme ja mitkä ovat käyttämiemme elintarvikkeiden hiili- ja vesijalanjäljet. Jokainen kaupunginosa ja taloyhtiö voi perustaa oman ryhmänsä ja kilpailla edistymisen tuloksilla naapureiden kesken. Hyvät ja toteutetut ideat leviävät parhaiten lähinaapureiden kesken. Mielestäni parhaat niistä voitaisiin myös palkita.",0.9828035235404968
3,Hiilineutraali Helsinki tarvitsee kaupunkilaisten osallisuutta -kampanja,"Helsinki on julistanut ilmastohätätilan. Jotta se näkyisi kaupunkitilassa ja muuttuisi toiminnaksi, tarvitaan asukkaiden aktivointia. Tehdään mainostoimiston kanssa kampanja, jossa haastetaan mukaan rakentamaan hiilineutraalia Helsinkiä: infonäyttö-, kadunvarsi- ja joukkoliikennemainontaa, jossa motivoidaan ihmisiä osallistumaan kaupungin päästövähennyshankkeeseen. Asukkaita voi haastaa seuraamaan Ilmastovahtia ja kommentoimaan, miten kaupunki omalla toiminnallaan edistää päästövähennnyksiä eri sektoreilla. Viestejä kohdennetaan eri kohderyhmille, esim. ammattiryhmille. Pyydetään näkyviä helsinkiläisiä vaikuttajia kertomaan omilla somekanavillaan HNH-teemoista. Järjestetään Erätauko-keskustelut kaupungin edustajien ja asukkaiden kanssa päästötavoitteisiin pääsemisestä. Kampanjassa korostetaan, miten tulevaisuuden hiilineutraali kaupunki on parempi asukkaalleen (saasteettomampi, terveellisempi, turvallisempi ja onnellisempi) ja mitä kaikkea voimme vielä pelastaa, kun toimimme ajoissa.",0.9817191958427429
3,Asukkaiden käytössä olevien maksuttomien tilojen löydettävyyden parantaminen ja varausten tekeminen verkkopalvelussa ,"Helsingin kaupungilla on runsaasti erilaisia ilmaisia tiloja asukkaiden hyödynnettäviksi. Tällaisia palveluita ovat esimerkiksi koulu- ja tarhatilat, joita voi saada kokouskäyttöön.  Palveluiden löytäminen verkkosivuilta on kuitenkin hankalaa, koska tiedot on sijoitettu sivuston eri osioihin ja eri asiayhteyksiin.Ehdotus, joka esitettiin stadiluotsin järjestämässä tilaisuudessa: Kaupunki listaa selkeästi kaikille kaupunkilaisille maksuttomat tilapalvelut yhteen paikkaan verkkopalvelussaan (”Kaupungin tarjoamat ilmaiset tilapalvelut”), josta pääsee linkkien kautta hakemaan yksityiskohtaisempia tietoja kustakin tilasta ja tekemään tilojen varauksia.",0.9817065596580505
3,Lisää leuanvetotankoja Helsinkiin,"Suomen Street Workout ry ehdottaa yksinkertaisten lähiliikuntapaikkojen lisäämistä Helsinkiin.Helsinki on lisännyt liikuntapaikkarakentamista 2000-luvulla merkittävästi. Liikuntavälineiden sijoittelu on kuitenkin keskittynyt liikuntapuistoihin sekä niihin ympäristöihin jossa jo liikunnallisia aktiviteetteja harrastetaan.SSW ryn ehdotuksessa keskitytään lisäämään lähiliikuntapaikkoja sinne missä niiden käyttö saadaan osaksi kaupunkilaisten arkea. Tällaisia paikkoja ovat esimerkiksi kantakaupungin puistikot, asuinrakennusten sisäpihat sekä keskeisten kävelyreittien ympäristöt.",0.9808751940727234
3,Lisää leuanvetotankoja Helsinkiin,"Suomen Street Workout ry ehdottaa yksinkertaisten lähiliikuntapaikkojen lisäämistä Helsinkiin. Helsinki on lisännyt liikuntapaikkarakentamista 2000-luvulla merkittävästi. Liikuntavälineiden sijoittelu on kuitenkin keskittynyt liikuntapuistoihin sekä niihin ympäristöihin jossa jo liikunnallisia aktiviteetteja harrastetaan. SSW ryn ehdotuksessa keskitytään lisäämään lähiliikuntapaikkoja sinne missä niiden käyttö saadaan osaksi kaupunkilaisten arkea. Tällaisia paikkoja ovat esimerkiksi kantakaupungin puistikot, asuinrakennusten sisäpihat sekä keskeisten kävelyreittien ympäristöt.",0.9808740019798279
3,Vaateta varhaiskasvattaja! (läntinen),"Kaupungin varhaiskasvatuksen työntekijöillä ei ole työvaatteita. Työtä tehdään ympäri vuoden kaikissa säissä. Kehitetään yhdessä työntekijöiden kanssa malli, jossa kaikki Helsingin varhaiskasvattajat saavat kestävät ja ympäri vuoden toimivat ulkovaatteet ja jalkineet. Mikäli ehdotus toteutetaan useammalla alueella, voisi hankin tehdä hiukan eri tavoin jokaisessa (suora hankinta, mahdollisuus valita mallistosta, vaateraha) jotta nähdään mikä toimii parhaiten.",0.9774048924446106
4,Pukinmäen liikekeskuksen liikennejärjestelyt,"Pukinmäessä ajoneuvoliikenne on erittäin vilkasta liikekeskuksen (Eskolantien ja Säterintien risteys) ympäristössä. Tämä etenkin ruuhka-aikoina. Tästä kärsivät sekä jalankulkijat  että autoilijat. Syynä  ovat Eskolantien etelänpuoleisen osan liikennejärjestelyt. Kaikki ajoneuvoliikenne tällä alueella johdetaan Eskolantien kautta, mikä tuo kaiken ajoneuvoliikenteen tuohon yhteen risteykseen (Eskolantie/Säterintie) ja seurauksena on pahat ruuhkat. Tämän lisäksi liikekeskuksen pysäköintipaikat Säterintiellä aiheuttavat vielä lisää  ruuhkaa. Ratkaisu: avataan uusi ajoväylä autoliikenteelle Pukinmäenkaarelle Weisteen lähistölle. Silloin suuri osa etelänpuoleisen Pukinmäen autoliikenteestä siirtyy pois liikekeskuksesta. Ja turvallisuus paranee.          ",0.9794790744781494
4,matonpesupaikka lisäämään liikkumista ja yhteisöllisyyttä,"- Leikkipuistojen / ulkoliikuntapaikkojen yhteyteen rakennetaan ""kuivan maan"" asukkaille ulkomattopyykkipaikkoja joka alueelle (luonteva saavuttaa, jonottaa vuoroa tehden jotain, lapset voivat olla mukana)- Liitetään kylmään vesijohtoon ja viemäriin- Voidaan ehkä säätää veden tulon aikataulu ""hiljaisuustoiveen mukaan""- välineet; Pesualtaat ja veden tulo letkusta/suihkusta, mattomankeli, maton kuivaustangotvrt https://www.vantaa.fi/fi/asuminen-ja-ymparisto/asuminen/matonpesupaikat",0.9790599942207336
4,matonpesupaikka lisäämään liikkumista ja yhteisöllisyyttä,"- Leikkipuistojen / ulkoliikuntapaikkojen yhteyteen rakennetaan ""kuivan maan"" asukkaille ulkomattopyykkipaikkoja joka alueelle (luonteva saapua, jonottaa vuoroa tehden jotain, lapset voivat olla mukana, voi), liitetään kylmään vesijohtoon ja viemäriin- Voidaan ehkä säätää veden tulon aikataulu ""hiljaisuustoiveen mukaan""- välineet; Pesualtaat ja veden tulo letkusta/suihkusta, mattomankeli, maton kuivaustangotvrt https://www.vantaa.fi/fi/asuminen-ja-ymparisto/asuminen/matonpesupaikat",0.9785360097885132
4,matonpesupaikka lisäämään liikkumista ja yhteisöllisyyttä,"- Leikkipuistojen / ulkoliikuntapaikkojen yhteyteen rakennetaan ""kuivan maan"" asukkaille ulkomattopyykkipaikkoja joka alueelle (luonteva liikkua, jonottaa tehden jotain, lapset voivat olla mukana)- Liitetään kylmään vesijohtoon ja viemäriin- Voidaan ehkä säätää veden tulon aikataulu ""hiljaisuustoiveen mukaan""- välineet; Pesualtaat ja veden tulo letkusta/suihkusta, mattomankeli, maton kuivaustangotvrt https://www.vantaa.fi/fi/asuminen-ja-ymparisto/asuminen/matonpesupaikat",0.9785360097885132
4,matonpesupaikka lisäämään liikkumista ja yhteiöllisyyttä,"- Leikkipuistojen / ulkoliikuntapaikkojen yhteyteen rakennetaan ""kuivan maan"" asukkaille ulkomattopyykkipaikkoja joka alueelle (luonteva liikkua, odottaa, jonottaa, lapset voivat olla mukana)- Liitetään kylmään vesijohtoon ja viemäriin- Voidaan ehkä säätää veden tulon aikataulu ""hiljaisuustoiveen mukaan""- välineet; Pesualtaat ja veden tulo letkusta/suihkusta, mattomankeli, maton kuivaustangotvrt https://www.vantaa.fi/fi/asuminen-ja-ymparisto/asuminen/matonpesupaikat",0.9774095416069031
4,matonpesupaikka lisäämään liikkumista ja yhteisöllisyyttä,"- Leikkipuistojen / ulkoliikuntapaikkojen yhteyteen rakennetaan ""kuivan maan"" asukkaille ulkomattopyykkipaikkoja joka alueelle (luonteva liikkua, jonottaa toiminnallisesti, lapset voivat olla mukana)- Liitetään kylmään vesijohtoon ja viemäriin- Voidaan ehkä säätää veden tulon aikataulu ""hiljaisuustoiveen mukaan""- välineet; Pesualtaat ja veden tulo letkusta/suihkusta, mattomankeli, maton kuivaustangotvrt https://www.vantaa.fi/fi/asuminen-ja-ymparisto/asuminen/matonpesupaikat",0.9774081110954285
4,Jalankulun parantaminen Laajasalontien yli,"Isosaarentie on ainut Laajasalon keskustassa Laajasalontien ylittävä tie, joka yhdistää yliskylän ja yliskallion alueet toisiinsa. Isosaarentie on kuitenkin kävelijöiden näkökulmasta ruuhkainen ja vaikea kuljettava, sillä sillalla pysähtyvät bussit, jotka jättävät matkustajat keskelle kävelytietä. Etenkin lumisena talvena jalkakäytävä kaventuu lumivalleista entisestään. Rakennetaan siis jalankulkijoille oma silta Laajasalontien yli, levennetään nykyistä siltaa tai siirretään ainakin bussipysäkki pois tieltä Eteläisen kuvernöörinkujan päähän (Isosaarentien kulmaukseen).",0.9773553013801575
4,Kivihaantien/ Hakamäentien risteyksen turvallisuuden ja joustavuuden parantaminen,"Ko. risteys on usein aamuisin ja iltapäivisin, erityisesti ( 16.00 - 18.00 ) niin tukkeutunut Hakamäentien läntisen liikenteen johdosta, että ajaminen Kivihaantieltä ta Kivihaantielle on todella vaikeaa. Autot seisovat Hakamäentiellä risteysalueella ja luovat tilanteita, jotka estävät esim. hälytysajoneuvojen pääsyn Kivihaantielle/Kivihaantieltä.Ehdotan liikenteen valo-ohjauksen muutosta niin, että risteyalue jää vapaaksi tai edes katumerkintöjä/liikennemerkkejä, jotta autoilijat huomioisivat paremmin risteysalueen ja näi edesauttaisi risteävän liikenteen sujumista. Myös alueen nopeusrajoitusta tulisi alentaa.",0.9746744632720947
4,Lisää penkkejä ja roskiksia Pohjois-Haagan ympäristöön,"Mahdollistetaan se, että vanhatkin pääsee liikkeelle! Esimerkiksi Maunulan majan ympäristöön tarvitaan lisää levähdyspenkkejä ja niiden yhteyteen roskiksia.Pohjois-Haagan ympäristössä on metsä-alueita, joihin voisi lisätä penkkejä siten, että on lenkillä mahdollista levähtää välillä, esimerkiksi 500 metrin välein.Penkeissä voisi olla välipuu, joka ehkäisee penkeillä makoilemisen.",0.9713274240493774
4,Oleskelukatoksia Roihuvuoren näköalapaikoille,Kaupunki on rakentanut Roihuvuoren Japanilaistyyliseen puutarhaan viihtyisän katoksen (kuvassa). Roihuvuoressa on vielä ainakin kaksi vajaakäytössä olevaa näköalapaikkaa joihin suojaisa oleskelukatos sopisi erinomaisesti: vesitornin mäki komeine maisemineen sekä Strömsin merellinen venesatama. Tornimäen katos tarjoaisi picnic-ympäristön. Strömsin katoksen voisi varustaa lisäksi siten että se toimisi myös esiintymislavana ja siirreltävän kioskin terassina.,0.9692254066467285
5,Humalniemen venekerholle johtavan puistoalueen (räme) kunnostaminen ja puiden karsinta,"Humalniemen vernekerholle johtavan puistoalueen, joka rajautuu Humalniementien 9-13 kiinteistön ja idässä Laajarantaan, kunnostaminen. Puistoalueen yleinen siivous: nykyisin mm. lehtiroskaa on täällä vaikka kuinka ja alue kasvaa mm. vieraslajeja kesäisin - mitään laaja-alaista kunnossapitoa ei puistoon tehdä esim. kesällä tai syksyllä. Istuimia alueelle: penkki on olemassa, mutta se on jo elämänsä nähnyt ja laho. Oja-alueen parannustyöt: ojan kaivuu jopa maan alle tai vähintään ko. ""mätäojan"" kunnostaminen. Vaarallisten sekä ylimääräisten puiden karsinta: metsä (vai puisto) kasvaa eri-ikäistä, jos jonkin sorttista puuta, lisäksi osa puista on mm. lähirakennuksille  vaarallisen lähellä myrskyjen lisääntyessä. Silta sentään uusittiin puistoon viime vuoden kesällä. Kiitos siitä, vaikka menetimme romanttisen puusillan. Toivoisin esim. alkuun tämän puistoalueen suunnittelua ja sen jälkeen alueen kunnnostamistoimenpiteitä. Puiden (osa) kaatamisella jo päästään eteenpäin.",0.987525999546051
5,Kävelytiet kuntoon (valoja lisää ja lätäköt pois teiltä) Pikku Huopalahdessa,"Lätäköitä ja pimeitä pätkiä - pistetään kävelykadut kuntoon!Pikku Huopalahdessa alueen omat asukkaat ja läpimenijät kärsivät luokattoman huonoista kävelyteistä, erityisesti sateella. Niiden kunnostaminen ja pimeiden paikkojen valaisemisella, sujuvaa ”liikennettä” fillareiden ja kävelijöiden kesken, viihtyvyyttä ja ennen kaikkea turvallisuutta! Kapeat kohdat Kuntoon - (kun mistään ei pääse kuivin jaloin - eikä tarvitse kiertää muta-nurmikoita pitkin kun kallistukset, viemäröinnit ja ojat olisivat kunnossa. Näitä löytyy useampia, mm.; Tilkantorin ympäristössä, sillan jälkeen poukamaasa asfaltin ja puuttuvien mukuloiden kohta, ja sen jälkeen kävelytie, pikku K-kaupalta  Munkkaan päin toisen sillan kohdalla (valtaisa lätäkkö ja pimeä kohta, esimerkkinä kuvassa), Pk Paciuksen lähellä isot lätäköt Rantapuiston vieressä kulkevalla kävely & pyöräilykadulla, jne. Eli, kaikki Pikkiksen läpimenijät Espoosta saakka, ja alueen omat asukkaat hyötyisivät suuresti useasta parannuksesta!",0.9865508675575256
5,Penkkejä ulkoilureiteille,"Penkkejä Knutersintie-Porvarinlahti-Niinisaarentie, Särkkäniemen ulkoilualue-Uutela,  Viikin ulkoilureitit, Talin golf puiston ympäristö,Malmin lentokentän ympäri lenkki,  ja monessa monessa muissa paikoissa. Se  jos on ulkoilureitti, ei suinkaan tarkoita ettei siellä saisi leputtaa jalkojaan istumalla !!   Päättäjät ei taida itse kävellä pidempiä lenkkejä eikä myöskään tulla vaivaiseksi ja vanhaksi ??  Ysväväpiirissä olemme kovia liikkumaan ja paljon eri suunnilla, aina on ongelma että ei voi istua missään, ei ole edes isoja kiviä  ulkoilureiteillä, saati penkkejä, jalkoja kivistää, selkään sattuu ja bussiin on vielä monta kilometriä, ja kuitenkin pitäisi liikkua että pysyisi kunnossa !!  Eikös ne päättäjätkin kehoita liikkumaan että pysyy kunnossa ja sairastelut vähenisi ? Karttaan en merkitse kun huolii vaan yhden kohteen.",0.9861066341400146
5,Kumpulanlaakson koirapuiston kunnostus,"Kumpulanlaakson koirapuisto on pieni, mutta erittäin suosittu ja kovasti käytetty korttelikoirapuisto. Puistossa alkaa kuitenkin ikä hieman näkyä; jo lähtöjään varsin matalat aidat ovat lumisten talvien myötä vääntyilleet ja madaltuneet tätä myöten entisestään. Puistossa on vain yksi katuvalo, joka pimeällä ajalla ei valaise kuin pienen alan portin vierustaa jolloin reilusti yli puolet puistosta on pilkkopimeänä, viereissä kulkevan Kumpulantaipaleen valot eivät yllä puistoon saakka. Aitojen uusimisen yhteydessä myös portti olisi hyvä muuttaa karsinamalliseksi, kahden portin versioksi (vrt. Mustikkamaan tai Nokianpuiston koirapuistot), mikä lisäisi turvallisuutta puistoon tultaessa ja sieltä lähtiessä. Lyhyesti siis; paremmat aidat, parempi valaistus & turvallisempi porttijärjestelmä.",0.985901415348053
5,Isompien ja parempien roska-astioiden asentaminen katujen varsiin,"Kantakaupungissa on paljon pieniä puistikoita, joihin roska-astiat on sijoitettu vain puistojen sisään. Koiranulkoiluttajat ja ohikulkijat tarvitsevat kuitenkin roskiksia jo puistojen laidoissa kadunvarressa. Kadunvarressa niiden talvikunnossapito myös onnistuu paremmin, nykyiset on usein lumikelillä tyhjentämättä. Sateella ja jääkelillä puistojen sisään ei mielellään kävellä, vaan kierretään puiston ympäri. Isommat ja etenkin paremmin lokkien ja varisten roskisdyykkausta estävät roskikset turvaisivat myös siistimmän ympäristön, roskat pysyisivät roskiksessa.  Urheilukenttien vieressä roskisten käyttöaste on niin iso, että nykyiset pikkuroskikset ovat usein ylitäynnä ja aamuinen näky ikävä kun linnut levittäneet roskat pitkin puistoa. Vanhassa kirkkopuistossa on uusia kauniita, historialliseen ympäristööän sopivia, tilavampia ja lintuvarmoja roskiksia (Helsinki-malli), asennetaan niitä kaikkien puistojen sisääntuloihin kadun varteen puiston kylkeen ja kulmiin.",0.9854316711425781
5,Pihlajiston polut kuntoon - Harjulanpolku,"Harjulanpolku on Pihlajiston läpi sen länsireunaa kulkeva kaunis, pääosin hyvin laitettu ja hoidettu polku. Sen varrella on mm. alueen koirapuisto. Sitä pitkin kuljetaan bussipysäkeille, Pihlajiston ala-asteelle ja muuten vain lenkkeillään. Siihen liittyy pikkupolku Salpausseläntien taloyhtiön nurkalta koirapuistolle. Tämä polku yhdistää Harjulanpolun ja Salpausselänpolun mukavaksi lenkiksi. Harjulanpolun alue tarvitsee valot, penkkejä ja jäteastioita. Alueella oleva koirapuisto on myös huonosti valaistu. Reitti, joka kulkee Aulangontieltä Pihlajistontielle on kunnossa, mutta polku, joka menee koirapuiston portilta Salpausseläntien suurelle parkkipaikalle kohti Salpausselänpolkua ja puistoreittejä, pitäisi kunnostaa ja valaista. Alueelle ei Aulangontieltä ole suojatietä lainkaan, koulun päässä on umpeen kasvava pikkutunneli, sekin pitää hoitaa kuntoon.",0.984358549118042
5,Portaat Vuosaaren raittisillalle nousuun,"Vuosaaren ja Puotilan yhdistävä kevyen liikenteen silta eli Vuosaaren raittisilta valmistui vuoden 2018 lopulla. Silta on suuri parannus Vartiokylänlahden kävellen tai pyöräillen ylittäville helsinkiläisille. Vuosaaren päässä uudelle hienolle sillalle ei kuitenkaan pääse nousemaan suoraan Vuosaaren sillan alittavalta suositulta ulkoilureitiltä, vaan kävelijöiden on kierrettävä yli 300 metrin hassu ylimääräinen kierros päästäkseen kävelysillalle. Puotilan puolella tätä ongelmaa ei ole. Rakentamalla portaat autoilusillan ja kävelysillan väliin tämä ikävä ja nolo suunnitteluvirhe korjautuisi. Portaille on siltojen välissä sopiva paikkakin jo valmiina odottamassa.",0.9824487566947937
5,Alikulku Laajasalontielle Tullisaarensalmeen,"Laajasalontien eli Herttoniemen puolella Linrakentajantien alta menee Herttoniemen puolella sillan alittava kevyen liikenteen väylä. Laajasalon puolella ei vielä mene. Kuitenkin sillan alla on tilaa ja Laajasalontielle nousee sillan alta polku. Polku näkyy jopa alla olevassa kartassa, mutta on aika moista ryteikköä. Pienellä viimeistelyllä saataisiin turvallinen ja valaistu alitus erittäin vilkkaan väylän aliLaajasalontien/ Linrakentajantien ylitys on automääristä johtuen syystäkin pääasiassa valoohjattujen suojateiden kautta. Alikulkuja on vain yksi ja sille saataisiin tällä helpolla rakentamisella pari myös Laajaslon puolelle",0.9820691347122192
5,Luutnantintintien ja Malminkartanon juna-aseman risteyksen lähelle roska-astia n lisäys ja sen säännöllinen tyhjennys ,Malminkartanossa Malminkartanon asema-aukion itäpuolelta Luuttintien risteyksestä puuttuu roska-astia ennen terveysasemaa ja Luuttinpolun kevyenliikenteen alkupäätä. Roska-astia on hyvä laittaa junaradan itäpuolelle olevan sähkökaapin läheisyyteen. Siis ennen Luuttintietä. Tai heti Luuttintieltä alkavan Luuttinpolun kevyenliikenteen väylän alkuun. Nyt roskia ja sekajätettä heitetään terveysaseman työntekijöiden parkkipaikan ympärillä olevan pensaiden juurelle Luuttinpolun alkupäässä.  Toisen roska-astian lisäämisen ja sen säännöllisen tyhjentämisen on hyvä lisätä von Glanin puiston kohdalle Luuttinpolun kevyenliikenteen reitille. Siis Luuttinpolun varteen von Glanin puiston kohdalla. Kiitos!,0.9817044734954834
5,Puistoraitin kunnostus Pikku-Huopalahden puistossa,"Puistoraitin kunnostus Pikku-Huopalahden puistossaPikku-Huopalahden puistossa, Leikkipuisto Rantapuiston kulmauksessa oleva puistokäytävä tulee korjata pikimmiten!Asfaltti on noussut voimakkaasti kuprulle ja kerryttää vettä. Nurmikko on muuttunut mudaksi. Alueesta ei pääse sadepäivinä kulkemaan läpi mikä on erittäin raivostuttavaa.Tasatkaa alue siten että sadevesi pääsee valumaan mereen ja ihmiset kuivin jaloin käytäviä pitkin ja pyöräilijät turvallisesti kulkemaan.Myös kivituhkareitti Keskupuistossa välillä Ratsastie-Palkkatilankatu tulisi päällystää uudella kivituhkakerroksella joka tasataan sivuille viettäväksi jotta sadevedet eivät kerry raitille. Kyseessä on erittäin käytetty kevyenliikenteen väylä jossa kulkijat sotkeentuvat kurasta ja sukat kastuvat. Kiitos",0.9813041090965271
6,Asukkaiden ja kaupunginosien tarinat mukaan Kansalliseen kaupunkipuistoon,"1. Kaupungin monitoimitaloihin ja kirjastoihin järjestetään talvikaudella 2019-2020 yhdessä KKPH-aloitteen tehneiden kaupunginosayhdistysten kanssa avoimia tilaisuuksia, joiden tarkoituksena on koota Stadin Olohuoneet-hankkeen tapaan tietoa ja kuvauksia tarinoista Stadin stooriksi (Kaupunkipuiston tarinaksi).2. Järjestetään alueiden puistoissa ja kaupunkiympäristössä koko perheen retkiä ja kävelyitä, joissa oman kaupunginosan tärkeät paikat, puistot ja olohuoneet tulevat tutuiksi (esim Kaupunkipolku-konseptilla) ja nämä reitit kootaan kaikkien saataville (sekä paperi- että nettiversiot, myös mobiilina).3. Kootaan toimijoiden verkosto viestimään ja keskustelemaan kansallisen kaupunkipuiston vaihtoehdoista esimerkiksi esillä olleen laajan vaihtoehdon kehittämiseksi.4. Tähän palkataan palvelumuotoilija, joka organisoi ja koordinoi tilaisuuksia, tapahtumia ja vastaa myös dokumentoinnissa yhdessä KKPH-liikkeen, eri toimialojen ja yhteistyökumppanien kanssa.",0.9848935604095459
6,Määräaikainen yhteisökoordinaattori Pikku Huopalahteen ,"Yhteisökoordinaattori kehittää asukastalo Tapanilan aseman ja Kyläpajan toimintoja yhdessä Pikku Huopalahtiseuran, muiden alueen yhdistysten ja asukastalon koordinaattorin kanssa. Hän toimii tarvittaessa myös lähialueilla. Kyläpaja remontoidaan ja sisustetaan uudelleen talkoilla. Tietokoneet ja niihin kuuluvat ohjelmat uusitaan. Lisäksi yhteisökoordinaattori koordinoi vapaaehtoisia, jotka mahdollistavat Kyläpajan toimin: ompelu- ja tietokonekurssit, yhteiset ruokahetket, keskusteluryhmät maahanmuuttajille, hävikkiruokapiirin ja yhteisöjääkaapin. Yhteisökoordinaattori myös tiedottaa alueen tapahtumista yhdessä asukastalon koordinaattorin ja yhdistysten kanssa. Matalan kynnyksen järkevä yhteinen toiminta toisi erilaiset asukkaat yhteen ja voisi saavuttaa myös vaikeasti tavoitettavia ryhmiä. Kyläpajan tilat saataisiin paremmin käyttöön ja tieto asukkaiden yhteisestä tekemisen paikasta leviäisi. ",0.984655499458313
6, Tarinoiden maailma -yhteisö rakentuu tarinoista,"Vallilanlaaksossa sijaitseva Villa Novilla voisi toimia yhteisöllisenä paikkana kaikenikäisille, talona, jossa olisi kulttuuria, kohtaamisia, yhdessä oppimista ja hyvinvointia tarinoiden äärellä. Toiminta olisi matalankynnyksen kulttuuritoimintaa, tarkoituksena saattaa tarinat ja ihmiset yhteen, paikka, jossa ihmiset puhuvat toisilleen.  Tarinat voivat olla kerrottuja tarinoita, omia tarinoita, luettuja tarinoita, draamallisia esityksiä tai musiikillinen matkoja. Talossa olisi työpajatoimintaa: tarinoita ja turinoita samalla, kun esim. opitaan neulomaan sukkaan kantapää. Talo olisi piipahduspaikka pienten lasten vanhemmille, kokoontumispaikka vanhuksille tai levähdyspaikka työtätekeville. Siellä voisi toimia lähiruokakahvila ja ruoan ympärille kehitettäisiin yhteisiä kokoontumisia, johon olisivat tervetulleet niin kantasuomalaiset, maahanmuuttajat, kuin turistitkin. Kahvila-kulttuuritoimin käynnistämiseen tarvitaan henkilöstöä ja tarvikkeita. ",0.9840694665908813
6,Torit ja aukiot yhteisöllisiksi kohtaamispaikoiksi,"Suosittuja kohtaamispaikkoja ovat kautta aikain olleet markkinapaikat ja torit. Siellä on vaihdettu tavarat, tavat ja kulttuurit.  Meillä on paljon toreja, aukioita ja luonnon mudostamia paikkoja, otettaisiin ne uudella tavalla yhteiseksi tapaamis- ja kohtaamispaikoiksi.  Niille voisimme järjestää kullekin paikalle sopivalta tuntuvaa ohjelmaa. Kaupunginosan oma identiteetti määrittelisi, olisiko sopivampaa järjestää enemmänkin perheille ohjelmaa vai tietynlaista kulttuuritarjontaa, joka vetäisi ihmisä paikallisuuden ulkopuoleltakin.  Tavoitteena on järjestää ohjelmaa, joka tyydyttää lapsien, nuorten, perheiden, aikuisten, maahanmuttajien ja vanhempien ihmisten tarpeita.   Kaupunki voisi samalla esitellä toimintaansa ja palvelujaan.  Syntyisi kulttuurimarkkinat. Onnistuneesti toteutettuna se olisi  tavoitteemmekin.    Alueella on kulttuurikeskuksia ja muita sopivia tiloja. Talvikaan ei keskeyttäisi yhteisöllisiä  tilaisuuksia.",0.9837881326675415
6,Hyvän mielen tapahtuma kaikille. Keskuspuiston vanha saastunut ampumarata alue puhtaaksi lyijystä metallin etsimillä.,Keskuspuiston vanha ampumarata alue on pahasti saastunut vanhoista ammuksista. Marjastus ja sienestys on kielletty alueella. Ideana olisi järjestää hyvän mielen tapahtuma jossa putsattaisiin metsä lyijyttömiksi. Se tapahtuisi metallinpaljastimilla. Etsintä helppoa ja hauskaa (kokemusta on). Kuka vaan voisi osallistua myös omilla etsimillä. Maunulan - majall voisi olla tarjoilua. Yhteistyö kumppaniksi joku metallin etsin maahantuoja lainaamaan etsimiä yms. Ehkä pieniä kilpailuja ja palkintoja. Sopisi korona epidemia aikaan koska etsijät pystyvät pitämään välimatkaa helposti toisistaan . Rajatut alueet yms. Ekoteko ja luonto kiittäisi.,0.980448305606842
6,Kallion keinupuisto,"Perustetaan Kallioon Vaasantorille keinupuisto. Alueelle rakennetaan aikuisille suunnattuja keinuja jotka ovat valaistuja öisin. Keinut kannustavat istahtamaan hetkeksi aloilleen ja rentoutumaan keinumalla. Keinuminen rauhoittaa kehoa ja mieltä ja kehittää tasapainoaistia ja kehonhallintaa. Tarkoitus on tuoda tehdä Vaasantorista viihtyisä ja kiva paikka kaupunkilaisille.  Keinuminen tuo torille lisää siellä viihtyviä kaupunkilaisia ja se lisää alueen turvallisuutta.",0.9730708599090576
6,KÄPYLÄN YHTEISÖTALOLLE JATKOA!," Yhteisötalon 2022 alkanutta  toimintaa järjestävät käpyläläiset toimijat, kuten Käpylän Kylätilayhdistys, Käpylän kulttuuriyhdistys, Käpylän Klubi, Käpylä-Seura ja lukuisat vapaamuotoiset harrastuspiirit ja ryhmät. Talon palveluille on ollut suurta tarvetta ja runsaasti käyttöä.  Toimintaa tulee jatkaa ja kasvattaa tarvetta vastaavaksi ja saada koko talo käyttöön tekemällä tarvittavat korjaustyöt ja vahvistamalla ja tukemalla kulttuuri-, harrastus-, ja vapaaehtoistyötä.",0.971326470375061
6,Kanala Hertoniemeen,"City kanala (tai ehkä jopa muu eläintila, esim vuohet tai lampaat) Herttoniemeen ois lapsille ja aikuisillekin tosi kiva juttu ja kun Herttoniemessä ois hyvin tilaa ja sopisi sinne alueelle jossa esim omapelto jne on. Siinä voi olla perheiden kanssa, oppia yhdessä kanoista ja niiden tarpeista, nauttia yhdessä luonnossa ja tutustua eläimiin.Työpajoja, kouluretkejä, perhekahvilat, ja muuta sellaista vois siinö organisoida ☺️(Tää voi olla myös ”ulkoilu” tai ”oppiminen)",0.9712956547737122
6,Eloa Merisotilaantorille!,"Merisotilaantori on Katajanokan kärjen kauniin rantaraitin keskuspaikka, mutta tällä hetkellä siellä ei tapahdu juuri mitään. Kaivataan ympäri vuoden tapahtuvia yhteisöllisiä tapahtumia, jotka keräävät paikallisia ja ratikalla nelosen päättärille saapuvia ihmisiä kohtaamaan toisiaan ja nauttimaan palveluista, joita ei tällä hetkellä ns. ’KasariSkattalta’ saa. Esim. reko, ravintolapäivä, kirppis- / kierrätyspäivä, koirapalveluja, kahvilaa, elokuvanäytöksiä ja kesäisiä pikniktarpeita nautiskeluun.",0.9712635278701782
6,Asukastila Katajanokalle,"Katajanokan asukkailla, järjestöillä ja muilla toimijoilla ei ole käytössään yhteistä asukastilaa. Yhteinen tila tukisi alueen yhteisöllisyyttä ja kokoaisi alueen toimijat yhteen ja rakentaisi heidän keskinäistä yhteistyötään. Katajanokalla ei ole enää omaa nuorisotilaa ja asukastila toisi mahdollisuuden koota myös nuoret mukaan asukkaiden yhteiseen toimintaan ja vuoropuheluun.",0.9693487882614136
7,Topeliuksen puiston kentän kehittäminen,"Topeliuksen puistossa, Töölön kirkon pohjoispuolella, on pieni hiekkakenttä, joka on erotettu aidalla viereisestä leikkikentästä. Hiekkakentän käyttö on lisääntynyt viime vuosina alueen lapsimäärän kasvaessa ja esim. Töölön ala-asteen koulu on yhä säännöllisemmin alkanut käyttää kenttää välituntiulkoiluun ja myös liikuntatunteihin. Lisäksi kenttä palvelee alueen päiväkotien ulkoilupaikkana sekä alueen lasten vapaa-ajan liikuntapaikkana. Nykyisellään kentän pinta on epätasaista ja osin ruohottunutta hiekkaa. Maaleja ei ole ja matalien aitojen vuoksi pallopelit keskeytyvät usein pallon karatessa jopa Topeliuksen- tai Välskärinkaduille asti. Lisäksi osan kentän pinta-alasta vievät ruusupensaat, joihin myös pallot, frisbeet ym. välineet katoavat helposti. Ehdotan, että kyseinen kenttä kunnostetaan koululaisten, päiväkotien ja kaikkien töölöläisten liikunta- ja palloilukeitaaksi kunnostamalla kentän pohja, asentamalla tekonurmipinnoite ja varustamalla kenttä jalkapallomaalein ja aidoin.",0.9873494505882263
7,Oulunkyläntien hiekkakentän kunnostus,"Koskelan ala-asteen koulun oppilaskunta äänesti luokkien ideoiden joukosta koulun yhteiseksi ideaksi Oulunkyläntien hiekkakentän kunnostuksen. Tähän ideaan sisältyisi ensisijaisesti huoltorakennuksen rakentaminen ja mahdollisuuksien mukaan esimerkiksi tekonurmen ja tekojään rakentamisen. Oppilaat kaipaisivat lämmitettyä pukukoppia, jossa vaihtaa luistimia ja tarvittaessa pääsisi myös vessaan. Lisäksi kentän ympäristön hyödyntäminen liikuntakäyttöön ja temppuilemiseen olisi hienoa. Tästä ideasta olisi hyötyä alueen asukkaille, sillä Koskelan alueelta puuttuu oma liikuntapuisto. Esimerkiksi koko Koskelan koulu ja päiväkoti Herttua käyttävät kenttää liikuntatunneilla ja vapaa-ajallaan. Oppilaat pohtivat asiaa huomioiden myös vallitsevan koronatilanteen ja näin ollen urheilukenttä toisi iloa turvallisesti kaikille!",0.9865649342536926
7,Malmin peruskoulun Pohjolan toimipisteen pihan kunnostus,"Malmin peruskoulun Pohjolan toimipisteen piha on ankea ja virikkeetön eikä kannusta lapsia liikkumaan. Pihalla on hyvin vähän leikkivälineitä oppilasmäärään nähden (pari keinua ja yksi pieni kiipeilyteline). Koulu on vanha ja piha-alue ei vastaa nykyaikaista pienten koululaisten pihaa. Koulun pihaa ei ole uusittu kuten lukuisia muita Helsinkiläiskoulujen pihoja. Suurin osa pihasta on asfalttia, jossa kuluneita ruutuja. Koulun vanhemmat ovat omalla ajallaan uudelleenmaalanneet kuluneita ruutuja, jotta lapsilla olisi edes jotain virikettä pihalla. Ehdotetaan, että piha-aluetta päivitetään asentamalla lisää keinuja ja esim. vastaava kiipeilykokonaisuus kuin Hiidenkiven peruskoululla.",0.9851792454719543
7,Nuorten olohuone,"Nuorille paikka jossa voi harrastaa ja oleskella. Siellä olisi käsityö paja jossa voi tehdä metalli ja puutöitä sekä ommella. Ohjaajilla käsityö taidot; esim. Korupaja tai savipaja.Tiloissa voisi myös olla ohjattua liikuntaa myös tytöille esim yogaa ja pilatesta tai balettia. Ne jotka haluavat oppia leipomaan ja ovat kiinnostuneita siellä voisi ollanuorten pitämä kahvila. Auki koulun jälkeen esim. 13-21 ja viikonloppuisin.Nuoria voi käyttää myös ohjaajina ja järjestykseen pitäjinä. Heille annetaan vastuuta niin he kokevat paikan omaksi.  Monet nuoret eivät pidä jo olemassa olevasta nuorisotalosta. Paikassa pitää olla järjestys joten siellä ei älä hengata häiriköitä.On paljon nuoria joilla ei ole varaa ja kykyä harrastaa. Koulu ei tarjoa tarpeeksi käden taitoja ja liikuntaa.",0.9851754903793335
7,Irti hiekasta ja asfaltista kouluissa - kaakkoisen alueen koulujen pihojen ja lähikenttien modernisointi lapsiystävällisiksi,"Irti hiekasta ja asfaltista kouluissa - alueen koulujen pihojen ja lähikenttien modernisointi lapsiystävällisiksi.Monien koulujen pihat ja lähipuistot ovat hiekkaa tai asfalttia. Tällä Omastadi-ehdotuksella tehdään alueelle modernisoitiloikka. Laadukas ja turvallinen liikkuminen ja peuhaaminen väli- ja liikuntatunneilla on tärkeää liikunnallisen elämäntavan ja sekä fyysisen, henkisen sosiaalisen kehittymisen ja pitkän tähtäyksen kansanterveyden kannalta ensiarvoisen tärkeää.Jo noin 50 000 - 100 000 €/koulu riittää hiekka- tai asfalttikentän muuttamiseen tekonurmi- tai tartanpintaiseksi asiantuntijoiden suunnitelemin mittasuhtein. Koulukentät ovat pienehköjä, enintään noin 60x40 kokoisia.Parannetaan 2-3 koulun olosuhteet.",0.9824804067611694
7,Irti hiekasta ja asfaltista kouluissa - itäisen alueen koulujen pihojen ja lähikenttien modernisointi lapsiystävällisiksi,"Irti hiekasta ja asfaltista kouluissa - alueen koulujen pihojen ja lähikenttien modernisointi lapsiystävällisiksi.Monien koulujen pihat ja lähipuistot ovat hiekkaa tai asfalttia. Tällä Omastadi-ehdotuksella tehdään alueelle modernisoitiloikka. Laadukas ja turvallinen liikkuminen ja peuhaaminen väli- ja liikuntatunneilla on tärkeää liikunnallisen elämäntavan ja sekä fyysisen, henkisen sosiaalisen kehittymisen ja pitkän tähtäyksen kansanterveyden kannalta ensiarvoisen tärkeää.Jo noin 50 000 - 100 000 €/koulu riittää hiekka- tai asfalttikentän muuttamiseen tekonurmi- tai tartanpintaiseksi asiantuntijoiden suunnitelemin mittasuhtein. Koulukentät ovat pienehköjä, enintään noin 60x40 kokoisia.Parannetaan 3-5 koulun olosuhteet.",0.9824728965759277
7,Savelan leikkipuisto,"Savelan entisen leikkipuistorakennuksen kunnostus ja toimin aloittaminen. Savelan keskellä on ilmeisesti käyttökiellossa oleva punainen puutalo, jonka voisi kunnostaa tai rakentaa uuden. Talossa voisi olla muunneltavat ja kaikille avoimet tilat erilaiselle toiminnalle. Päivisin tiloissa voisi olla esimerkiksi leikkipuisto/iltapäiväkerho ja iltaisin tilat olisivat varattavissa muulle toiminnalle.  Myös pieni kahvilatoiminta olisi mukava lisä. Myös talon läheisen puiston uudistus voisi olla osana projektia. Puisto kaipaisin lisää viihtyisiä istutuksia, leikkipaikkoja ja varjoisia istumapaikkoja esimerkiksi vanhuksille. ",0.9816715121269226
7,Leikkipuisto Linnunradan maalaismiljööksi entisöiminen ja kesäeläintoiminnan palauttaminen,"Leikkipuisto Linnunradan kylmä piharakennus paloi 31.12.2019. Piharakennus palveli alueen suosituissa tapahtumissa, kuten Tonttupolku-tapahtuman joulupukin pajana sekä kesäisin lemmikkieläinten suojana. Lisäksi rakennus tuki iltapäiväkerholaisten päivittäistä toimintaa. Kehitettäviä asioita hankkeessa ovat:- Uuden kylmärakennuksen rakentaminen majoittamaan lemmikkieläimet kesäisin. Rakennusta hyödynnetään myös puiston muuhun toimintaan, kuten Tonttupolku-tapahtuman järjestämiseen ja iltapäiväkerholaisten toimintaan.- Rakennukseen tuodaan kesäisin vain helppohoitoisia, vähän tilaa tarvitsevia pienelämiä, kuten kanoja ja kaneja (yöpyisivät  erillisissä häkeissä rakennuksen sisällä ja rakennuksen vieressä olisi kevytrakenteinen aitaus) - Leikkipuiston pihaan tarvitaan uusia pirttikalustoja. Näitä voidaan tarvittaessa säilöä uudessa kylmärakennuksessa- Alueelle sopisi myös maalaismiljöön rekvisiittaa, kuten kärrynpyöriä, heinäseipäitä sekä perinnepiha hyötykasvillisuudelle",0.9812818765640259
7,Irti hiekasta ja asfaltista kouluissa - keskeisen alueen koulujen pihojen ja lähikenttien modernisointi lapsiystävällisiksi,"Monien koulujen pihat ja lähipuistot ovat hiekkaa tai asfalttia. Tällä Omastadi-ehdotuksella tehdään alueelle modernisoitiloikka. Laadukas ja turvallinen liikkuminen ja peuhaaminen väli- ja liikuntatunneilla on tärkeää liikunnallisen elämäntavan ja sekä fyysisen, henkisen sosiaalisen kehittymisen ja pitkän tähtäyksen kansanterveyden kannalta ensiarvoisen tärkeää.Jo noin 50 000 - 100 000 €/koulu riittää hiekka- tai asfalttikentän muuttamiseen tekonurmi- tai tartanpintaiseksi asiantuntijoiden suunnitelemin mittasuhtein. Koulukentät ovat pienehköjä, enintään noin 60x40 kokoisia.Parannetaan 3-5 koulun olosuhteet.",0.9804859757423401
7,Vehreyttä ja viihtyvyyttä Huopalahden rautatieaseman ympäristöön,"Huopalahden rautatieaseman lähiympäristön vehreyden lisääminen. Asemaa käytetään paljon, joten sen viihtyvyys on tärkeää. Asemalta poistuessa näkyvä lähiympäristö luo vahvan mielikuvan alueen viihtyisyydestä ja siksi siihen on tärkeä panostaa.Ehdotamme Huopalahden rautatieaseman lähiympäristön viihtyvyyden lisäämistä esimerkiksi kauniilla istutuksilla, värikkyydellä, seinämuraaleilla ja puilla.",0.977982759475708
